<?xml version="1.0" encoding="UTF-8"?>
<!DOCTYPE listofactions SYSTEM "actions.dtd">
<listofactions>
<objecttype name="navigation" class="" resourceBundle="com.ptc.serviceAcademy.resource.NavigationRB">
      <action name="serviceAcademy">
      </action>
 </objecttype>
  
  <objecttype name="object" class="java.lang.Object" resourceBundle="com.ptc.serviceAcademy.resource.NavigationRB">
      <action name="helloWorld">
      <command url="netmarkets/jsp/serviceAcademy/navigationlist.jsp" windowType="page"/>
      </action>
   </objecttype> 
    
</listofactions>
