<?xml version="1.0" encoding="UTF-8"?>
<!DOCTYPE actionmodels SYSTEM "actionmodels.dtd">

<actionmodels>
   <model name="main navigation" id="browseActions" resourceBundle="com.ptc.core.ui.navigationRB">
   <description>
               Main navigation (tabs)
   </description>
      <action name="recentContexts"    type="navigation"/>
      <action name="product"    type="navigation"/>
      <action name="library"      type="navigation"/>
      <action name="project"   type="navigation"/>
      <action name="program"  type="navigation"/>
      <action name="change"  type="navigation"/>
      <action name="supplier"  type="navigation"/>
      <action name="qms"  type="navigation"/>
      <action name="org"  type="navigation"/>
      <action name="site"  type="navigation"/>
      <action name="search"  type="navigation"/>
                 <!-- entry for customization tab -->
            <action name="customization"  type="navigation"/>
            
              <!-- entry for serviceAcademy tab -->
            <action name="serviceAcademy"  type="navigation"/>
   </model>
   
    <model name="serviceAcademy navigation" resourceBundle="com.ptc.serviceAcademy.resource.NavigationRB">
        <action name="helloWorld"  type="object"/>
       		
   </model>
   
</actionmodels>
 
  