<?xml version="1.0" encoding="UTF-8"?>  
<project name="ToolTraining" default="makeCCjars" basedir=".">  
    <description>Builds, tests, and runs this project.</description>  
    <property environment="env"/>  
    <property name="defaultCodebaseDir" location="z:\Windchill\codebase"  
        description="Path to target Windchill codebase (used if not **/Windchill/codebase)"/>  
    <property name="jarDirectory" location="D:/ptc1/custom/jars"/>  
    <!-- Make Jars for Code Completion  
    ============================= -->  
    <target name="makeCCjars" description="Builds Code Completion Jars">  
        <mkdir dir="${jarDirectory}"/>  
        <jar destfile="${jarDirectory}/codebase.jar"   
            basedir="${defaultCodebaseDir}"   
            excludes="**/ext/*"   
            includes="**/*.class"/>  
    </target>  
</project> 