<?xml version="1.0" encoding="UTF-8"?>
<!DOCTYPE listofactions SYSTEM "actions.dtd">
<listofactions>
	<objecttype name="cscwizard" class="" resourceBundle="ext.csc.training.resource.CSCTrainingRB"> 
		<action name="wizardSamples"> 
			<command windowType="popup" class="ext.csc.jca.wizard.CSCWizardSampleProcess" method="execute" url="netmarkets/jsp/csc/wizardSample.jsp"/> 
		</action> 
		<action name="show_mvc_content"> 
			<component windowType="wizard_step" name="netmarkets.project.list.table"/> 
		</action> 
		<action name="show_jsp_content" preloadWizardPage="false"> 
			<command windowType="wizard_step" url="netmarkets/jsp/csc/showJspContent.jsp"/> 
		</action> 
	</objecttype> 

	<objecttype name="cscwizard_create_sample" class="" resourceBundle="ext.csc.training.resource.CSCTrainingRB">
 
      <action name="createWizardSamples" ajax="component"> 
		<command windowType="popup" class="ext.csc.jca.wizard.CSCCreateWizardSampleProcess" 
		method="execute" url="netmarkets/jsp/csc/createWizardSample.jsp"/>
      </action>

	  <action name="showSelectedObject">
		<command windowType="wizard_step" url="netmarkets/jsp/csc/showSelectedObject.jsp"/>
      </action>
 
      <action name="setPartAttribute">
		<command windowType="wizard_step" url="netmarkets/jsp/csc/setPartAttribute.jsp"/>
      </action>

	  <action name="showPartAttribute" preloadWizardPage="false"> 
		<command windowType="wizard_step" url="netmarkets/jsp/csc/showPartAttribute.jsp"/> 
      </action>

	</objecttype>

</listofactions>

